table_name,column_name,data_type,is_nullable,column_default
approval_requests,id,integer,NO,nextval('approval_requests_id_seq'::regclass)
approval_requests,entity_type,character varying,NO,
approval_requests,entity_id,integer,YES,
approval_requests,action_type,character varying,NO,
approval_requests,status,USER-DEFINED,NO,
approval_requests,maker_user_id,integer,NO,
approval_requests,checker_user_id,integer,YES,
approval_requests,request_details,json,YES,
approval_requests,lg_record_snapshot,json,YES,
approval_requests,created_at,timestamp with time zone,YES,now()
approval_requests,updated_at,timestamp with time zone,YES,
approval_requests,customer_id,integer,NO,
approval_requests,reason,text,YES,
approval_requests,withdrawn_at,timestamp with time zone,YES,
approval_requests,internal_owner_contact_id,integer,YES,
approval_requests,related_instruction_id,integer,YES,
approval_requests,last_renewal_reminder_sent_at,timestamp with time zone,YES,
audit_logs,id,integer,NO,nextval('audit_logs_id_seq'::regclass)
audit_logs,user_id,integer,YES,
audit_logs,action_type,character varying,NO,
audit_logs,entity_type,character varying,NO,
audit_logs,entity_id,integer,YES,
audit_logs,details,json,YES,
audit_logs,timestamp,timestamp with time zone,YES,now()
audit_logs,ip_address,character varying,YES,
audit_logs,customer_id,integer,YES,
audit_logs,lg_record_id,integer,YES,
bank_issuance_options,bank_id,integer,NO,
bank_issuance_options,strategy_code,character varying,NO,
bank_issuance_options,display_name,character varying,NO,
bank_issuance_options,configuration,jsonb,NO,
bank_issuance_options,is_active,boolean,YES,
bank_issuance_options,id,integer,NO,nextval('bank_issuance_options_id_seq'::regclass)
bank_issuance_options,created_at,timestamp with time zone,YES,now()
bank_issuance_options,updated_at,timestamp with time zone,YES,
bank_issuance_options,is_deleted,boolean,YES,
bank_issuance_options,deleted_at,timestamp with time zone,YES,
bank_position_batches,bank_id,integer,NO,
bank_position_batches,as_of_date,date,NO,
bank_position_batches,uploaded_by_user_id,integer,YES,
bank_position_batches,total_records,integer,YES,
bank_position_batches,matched_records,integer,YES,
bank_position_batches,created_at,timestamp with time zone,YES,now()
bank_position_batches,id,integer,NO,nextval('bank_position_batches_id_seq'::regclass)
bank_position_batches,updated_at,timestamp with time zone,YES,
bank_position_batches,is_deleted,boolean,YES,
bank_position_batches,deleted_at,timestamp with time zone,YES,
bank_position_rows,batch_id,integer,NO,
bank_position_rows,ref_number,character varying,NO,
bank_position_rows,amount,numeric,NO,
bank_position_rows,currency_code,character varying,YES,
bank_position_rows,status_in_bank,character varying,YES,
bank_position_rows,recon_status,character varying,YES,
bank_position_rows,recon_note,character varying,YES,
bank_position_rows,id,integer,NO,nextval('bank_position_rows_id_seq'::regclass)
bank_position_rows,created_at,timestamp with time zone,YES,now()
bank_position_rows,updated_at,timestamp with time zone,YES,
bank_position_rows,is_deleted,boolean,YES,
bank_position_rows,deleted_at,timestamp with time zone,YES,
banks,name,character varying,NO,
banks,address,character varying,YES,
banks,phone_number,character varying,YES,
banks,fax,character varying,YES,
banks,former_names,json,YES,
banks,swift_code,character varying,YES,
banks,short_name,character varying,YES,
banks,id,integer,NO,nextval('banks_id_seq'::regclass)
banks,created_at,timestamp with time zone,YES,now()
banks,updated_at,timestamp with time zone,YES,
banks,is_deleted,boolean,YES,
banks,deleted_at,timestamp with time zone,YES,
currencies,name,character varying,NO,
currencies,iso_code,character varying,NO,
currencies,symbol,character varying,YES,
currencies,id,integer,NO,nextval('currencies_id_seq'::regclass)
currencies,created_at,timestamp with time zone,YES,now()
currencies,updated_at,timestamp with time zone,YES,
currencies,is_deleted,boolean,YES,
currencies,deleted_at,timestamp with time zone,YES,
currency_exchange_rates,id,integer,NO,nextval('currency_exchange_rates_id_seq'::regclass)
currency_exchange_rates,currency_id,integer,NO,
currency_exchange_rates,buy_rate,double precision,NO,
currency_exchange_rates,sell_rate,double precision,NO,
currency_exchange_rates,rate_date,date,NO,
currency_exchange_rates,created_at,timestamp without time zone,YES,
customer_configurations,customer_id,integer,NO,
customer_configurations,global_config_id,integer,NO,
customer_configurations,configured_value,character varying,NO,
customer_configurations,id,integer,NO,nextval('customer_configurations_id_seq'::regclass)
customer_configurations,created_at,timestamp with time zone,YES,now()
customer_configurations,updated_at,timestamp with time zone,YES,
customer_configurations,is_deleted,boolean,YES,
customer_configurations,deleted_at,timestamp with time zone,YES,
customer_email_settings,customer_id,integer,NO,
customer_email_settings,smtp_host,character varying,NO,
customer_email_settings,smtp_port,integer,NO,
customer_email_settings,smtp_username,character varying,NO,
customer_email_settings,smtp_password_encrypted,character varying,NO,
customer_email_settings,sender_email,character varying,NO,
customer_email_settings,sender_display_name,character varying,YES,
customer_email_settings,is_active,boolean,NO,
customer_email_settings,id,integer,NO,nextval('customer_email_settings_id_seq'::regclass)
customer_email_settings,created_at,timestamp with time zone,YES,now()
customer_email_settings,updated_at,timestamp with time zone,YES,
customer_email_settings,is_deleted,boolean,YES,
customer_email_settings,deleted_at,timestamp with time zone,YES,
customer_entities,entity_name,character varying,NO,
customer_entities,address,character varying,YES,
customer_entities,commercial_register_number,character varying,YES,
customer_entities,tax_id,character varying,YES,
customer_entities,code,character varying,NO,
customer_entities,contact_person,character varying,YES,
customer_entities,contact_email,character varying,YES,
customer_entities,is_active,boolean,NO,
customer_entities,customer_id,integer,NO,
customer_entities,id,integer,NO,nextval('customer_entities_id_seq'::regclass)
customer_entities,created_at,timestamp with time zone,YES,now()
customer_entities,updated_at,timestamp with time zone,YES,
customer_entities,is_deleted,boolean,YES,
customer_entities,deleted_at,timestamp with time zone,YES,
customers,name,character varying,NO,
customers,address,character varying,YES,
customers,contact_email,character varying,NO,
customers,contact_phone,character varying,YES,
customers,subscription_plan_id,integer,NO,
customers,start_date,timestamp with time zone,YES,now()
customers,end_date,timestamp with time zone,NO,
customers,status,USER-DEFINED,NO,
customers,active_user_count,integer,NO,
customers,active_lg_count,integer,NO,
customers,id,integer,NO,nextval('customers_id_seq'::regclass)
customers,created_at,timestamp with time zone,YES,now()
customers,updated_at,timestamp with time zone,YES,
customers,is_deleted,boolean,YES,
customers,deleted_at,timestamp with time zone,YES,
customers,active_checker_count,integer,NO,0
customers,active_issuance_lg_count,integer,NO,0
external_bank,id,integer,NO,nextval('external_bank_id_seq'::regclass)
external_bank,name,character varying,NO,
external_bank,contact_email,character varying,YES,
external_bank,address,character varying,YES,
external_bank,country,character varying,YES,
external_bank,swift_code,character varying,YES,
external_bank,created_at,timestamp with time zone,YES,CURRENT_TIMESTAMP
external_bank,updated_at,timestamp with time zone,YES,
external_bank,is_deleted,boolean,YES,false
external_bank,deleted_at,timestamp with time zone,YES,
facilities,customer_id,integer,NO,
facilities,bank_id,integer,NO,
facilities,facility_type,USER-DEFINED,NO,
facilities,total_limit,numeric,NO,
facilities,utilized_amount,numeric,NO,
facilities,currency_id,integer,NO,
facilities,status,USER-DEFINED,NO,
facilities,expiry_date,date,NO,
facilities,pricing_details,jsonb,YES,
facilities,bank_sla_days,integer,YES,
facilities,special_conditions,text,YES,
facilities,parent_facility_id,integer,YES,
facilities,has_all_entity_access,boolean,NO,
facilities,id,integer,NO,nextval('facilities_id_seq'::regclass)
facilities,created_at,timestamp with time zone,YES,now()
facilities,updated_at,timestamp with time zone,YES,
facilities,is_deleted,boolean,YES,
facilities,deleted_at,timestamp with time zone,YES,
facility_customer_entity_association,facility_id,integer,NO,
facility_customer_entity_association,customer_entity_id,integer,NO,
facility_documents,facility_id,integer,NO,
facility_documents,document_type,character varying,NO,
facility_documents,file_name,character varying,NO,
facility_documents,file_path,character varying,NO,
facility_documents,uploaded_by_user_id,integer,NO,
facility_documents,id,integer,NO,nextval('facility_documents_id_seq'::regclass)
facility_documents,created_at,timestamp with time zone,YES,now()
facility_documents,updated_at,timestamp with time zone,YES,
facility_documents,is_deleted,boolean,YES,
facility_documents,deleted_at,timestamp with time zone,YES,
facility_selection_rules,customer_id,integer,NO,
facility_selection_rules,parameter_name,USER-DEFINED,NO,
facility_selection_rules,priority_rank,integer,NO,
facility_selection_rules,id,integer,NO,nextval('facility_selection_rules_id_seq'::regclass)
facility_selection_rules,created_at,timestamp with time zone,YES,now()
facility_selection_rules,updated_at,timestamp with time zone,YES,
facility_selection_rules,is_deleted,boolean,YES,
facility_selection_rules,deleted_at,timestamp with time zone,YES,
global_configurations,key,USER-DEFINED,NO,
global_configurations,value_min,character varying,YES,
global_configurations,value_max,character varying,YES,
global_configurations,value_default,character varying,YES,
global_configurations,unit,character varying,YES,
global_configurations,description,character varying,YES,
global_configurations,id,integer,NO,nextval('global_configurations_id_seq'::regclass)
global_configurations,created_at,timestamp with time zone,YES,now()
global_configurations,updated_at,timestamp with time zone,YES,
global_configurations,is_deleted,boolean,YES,
global_configurations,deleted_at,timestamp with time zone,YES,
internal_owner_contacts,customer_id,integer,NO,
internal_owner_contacts,email,character varying,NO,
internal_owner_contacts,phone_number,character varying,NO,
internal_owner_contacts,internal_id,character varying,YES,
internal_owner_contacts,manager_email,character varying,NO,
internal_owner_contacts,id,integer,NO,nextval('internal_owner_contacts_id_seq'::regclass)
internal_owner_contacts,created_at,timestamp with time zone,YES,now()
internal_owner_contacts,updated_at,timestamp with time zone,YES,
internal_owner_contacts,is_deleted,boolean,YES,
internal_owner_contacts,deleted_at,timestamp with time zone,YES,
issuance_actions,issuance_request_id,integer,NO,
issuance_actions,step_approver_id,integer,NO,
issuance_actions,status,character varying,YES,
issuance_actions,acted_by_user_id,integer,YES,
issuance_actions,timestamp,timestamp with time zone,YES,
issuance_actions,comments,text,YES,
issuance_actions,id,integer,NO,nextval('issuance_actions_id_seq'::regclass)
issuance_actions,created_at,timestamp with time zone,YES,now()
issuance_actions,updated_at,timestamp with time zone,YES,
issuance_actions,is_deleted,boolean,YES,
issuance_actions,deleted_at,timestamp with time zone,YES,
issuance_approval_matrices,customer_id,integer,NO,
issuance_approval_matrices,action_type,character varying,NO,
issuance_approval_matrices,name,character varying,NO,
issuance_approval_matrices,id,integer,NO,nextval('issuance_approval_matrices_id_seq'::regclass)
issuance_approval_matrices,created_at,timestamp with time zone,YES,now()
issuance_approval_matrices,updated_at,timestamp with time zone,YES,
issuance_approval_matrices,is_deleted,boolean,YES,
issuance_approval_matrices,deleted_at,timestamp with time zone,YES,
issuance_approval_steps,matrix_id,integer,NO,
issuance_approval_steps,step_number,integer,NO,
issuance_approval_steps,approver_type,character varying,NO,
issuance_approval_steps,id,integer,NO,nextval('issuance_approval_steps_id_seq'::regclass)
issuance_approval_steps,created_at,timestamp with time zone,YES,now()
issuance_approval_steps,updated_at,timestamp with time zone,YES,
issuance_approval_steps,is_deleted,boolean,YES,
issuance_approval_steps,deleted_at,timestamp with time zone,YES,
issuance_facilities,bank_id,integer,NO,
issuance_facilities,customer_id,integer,NO,
issuance_facilities,reference_number,character varying,YES,
issuance_facilities,currency_id,integer,NO,
issuance_facilities,total_limit_amount,numeric,NO,
issuance_facilities,start_date,date,YES,
issuance_facilities,expiry_date,date,YES,
issuance_facilities,review_date,date,YES,
issuance_facilities,is_active,boolean,YES,
issuance_facilities,contract_document_path,character varying,YES,
issuance_facilities,id,integer,NO,nextval('issuance_facilities_id_seq'::regclass)
issuance_facilities,created_at,timestamp with time zone,YES,now()
issuance_facilities,updated_at,timestamp with time zone,YES,
issuance_facilities,is_deleted,boolean,YES,
issuance_facilities,deleted_at,timestamp with time zone,YES,
issuance_facility_sub_limits,facility_id,integer,NO,
issuance_facility_sub_limits,lg_type_id,integer,YES,
issuance_facility_sub_limits,limit_name,character varying,NO,
issuance_facility_sub_limits,limit_amount,numeric,NO,
issuance_facility_sub_limits,default_commission_rate,double precision,YES,
issuance_facility_sub_limits,default_cash_margin_pct,double precision,YES,
issuance_facility_sub_limits,default_min_commission,numeric,YES,
issuance_facility_sub_limits,id,integer,NO,nextval('issuance_facility_sub_limits_id_seq'::regclass)
issuance_facility_sub_limits,created_at,timestamp with time zone,YES,now()
issuance_facility_sub_limits,updated_at,timestamp with time zone,YES,
issuance_facility_sub_limits,is_deleted,boolean,YES,
issuance_facility_sub_limits,deleted_at,timestamp with time zone,YES,
issuance_requests,customer_id,integer,NO,
issuance_requests,requestor_user_id,integer,YES,
issuance_requests,requestor_name,character varying,YES,
issuance_requests,transaction_type,character varying,NO,
issuance_requests,lg_record_id,integer,YES,
issuance_requests,status,character varying,YES,
issuance_requests,amount,numeric,NO,
issuance_requests,currency_id,integer,NO,
issuance_requests,beneficiary_name,character varying,YES,
issuance_requests,requested_issue_date,date,YES,
issuance_requests,requested_expiry_date,date,YES,
issuance_requests,business_details,jsonb,YES,
issuance_requests,id,integer,NO,nextval('issuance_requests_id_seq'::regclass)
issuance_requests,created_at,timestamp with time zone,YES,now()
issuance_requests,updated_at,timestamp with time zone,YES,
issuance_requests,is_deleted,boolean,YES,
issuance_requests,deleted_at,timestamp with time zone,YES,
issuance_step_approvers,step_id,integer,NO,
issuance_step_approvers,user_id,integer,YES,
issuance_step_approvers,role,USER-DEFINED,YES,
issuance_step_approvers,id,integer,NO,nextval('issuance_step_approvers_id_seq'::regclass)
issuance_step_approvers,created_at,timestamp with time zone,YES,now()
issuance_step_approvers,updated_at,timestamp with time zone,YES,
issuance_step_approvers,is_deleted,boolean,YES,
issuance_step_approvers,deleted_at,timestamp with time zone,YES,
issuance_step_conditions,step_id,integer,NO,
issuance_step_conditions,field_name,character varying,NO,
issuance_step_conditions,operator,character varying,NO,
issuance_step_conditions,value,character varying,NO,
issuance_step_conditions,id,integer,NO,nextval('issuance_step_conditions_id_seq'::regclass)
issuance_step_conditions,created_at,timestamp with time zone,YES,now()
issuance_step_conditions,updated_at,timestamp with time zone,YES,
issuance_step_conditions,is_deleted,boolean,YES,
issuance_step_conditions,deleted_at,timestamp with time zone,YES,
issuance_workflow_policies,customer_id,integer,NO,
issuance_workflow_policies,min_amount,numeric,YES,
issuance_workflow_policies,max_amount,numeric,YES,
issuance_workflow_policies,step_sequence,integer,YES,
issuance_workflow_policies,approver_role_name,character varying,YES,
issuance_workflow_policies,specific_approver_user_id,integer,YES,
issuance_workflow_policies,id,integer,NO,nextval('issuance_workflow_policies_id_seq'::regclass)
issuance_workflow_policies,created_at,timestamp with time zone,YES,now()
issuance_workflow_policies,updated_at,timestamp with time zone,YES,
issuance_workflow_policies,is_deleted,boolean,YES,
issuance_workflow_policies,deleted_at,timestamp with time zone,YES,
issued_lg_records,lg_ref_number,character varying,NO,
issued_lg_records,customer_id,integer,NO,
issued_lg_records,facility_sub_limit_id,integer,YES,
issued_lg_records,beneficiary_name,character varying,NO,
issued_lg_records,current_amount,numeric,NO,
issued_lg_records,currency_id,integer,NO,
issued_lg_records,issue_date,date,NO,
issued_lg_records,expiry_date,date,YES,
issued_lg_records,status,character varying,YES,
issued_lg_records,id,integer,NO,nextval('issued_lg_records_id_seq'::regclass)
issued_lg_records,created_at,timestamp with time zone,YES,now()
issued_lg_records,updated_at,timestamp with time zone,YES,
issued_lg_records,is_deleted,boolean,YES,
issued_lg_records,deleted_at,timestamp with time zone,YES,
issuing_methods,name,character varying,NO,
issuing_methods,description,character varying,YES,
issuing_methods,id,integer,NO,nextval('issuing_methods_id_seq'::regclass)
issuing_methods,created_at,timestamp with time zone,YES,now()
issuing_methods,updated_at,timestamp with time zone,YES,
issuing_methods,is_deleted,boolean,YES,
issuing_methods,deleted_at,timestamp with time zone,YES,
legal_artifacts,artifact_type,character varying,NO,
legal_artifacts,version,double precision,NO,
legal_artifacts,content,text,NO,
legal_artifacts,url,character varying,YES,
legal_artifacts,id,integer,NO,nextval('legal_artifacts_id_seq'::regclass)
legal_artifacts,created_at,timestamp with time zone,YES,now()
legal_artifacts,updated_at,timestamp with time zone,YES,
legal_artifacts,is_deleted,boolean,YES,
legal_artifacts,deleted_at,timestamp with time zone,YES,
lg_applicant_records,customer_id,integer,NO,
lg_applicant_records,applicant_entity_id,integer,NO,
lg_applicant_records,issuing_bank_id,integer,NO,
lg_applicant_records,facility_id,integer,YES,
lg_applicant_records,beneficiary_name,character varying,NO,
lg_applicant_records,beneficiary_address,text,YES,
lg_applicant_records,lg_number,character varying,NO,
lg_applicant_records,lg_amount,numeric,NO,
lg_applicant_records,lg_currency_id,integer,NO,
lg_applicant_records,issuance_date,date,NO,
lg_applicant_records,expiry_date,date,NO,
lg_applicant_records,purpose,text,YES,
lg_applicant_records,id,integer,NO,nextval('lg_applicant_records_id_seq'::regclass)
lg_applicant_records,created_at,timestamp with time zone,YES,now()
lg_applicant_records,updated_at,timestamp with time zone,YES,
lg_applicant_records,is_deleted,boolean,YES,
lg_applicant_records,deleted_at,timestamp with time zone,YES,
lg_categories,name,character varying,NO,
lg_categories,code,character varying,YES,
lg_categories,extra_field_name,character varying,YES,
lg_categories,is_mandatory,boolean,NO,
lg_categories,communication_list,json,YES,
lg_categories,customer_id,integer,YES,
lg_categories,is_default,boolean,NO,
lg_categories,has_all_entity_access,boolean,NO,
lg_categories,id,integer,NO,nextval('lg_categories_id_seq'::regclass)
lg_categories,created_at,timestamp with time zone,YES,now()
lg_categories,updated_at,timestamp with time zone,YES,
lg_categories,is_deleted,boolean,YES,
lg_categories,deleted_at,timestamp with time zone,YES,
lg_category_customer_entity_association,lg_category_id,integer,NO,
lg_category_customer_entity_association,customer_entity_id,integer,NO,
lg_change_log,lg_id,integer,NO,
lg_change_log,staging_id,integer,YES,
lg_change_log,change_index,integer,NO,
lg_change_log,applied_at,timestamp with time zone,NO,now()
lg_change_log,diff_json,jsonb,NO,
lg_change_log,note,text,YES,
lg_change_log,id,integer,NO,nextval('lg_change_log_id_seq'::regclass)
lg_change_log,created_at,timestamp with time zone,YES,now()
lg_change_log,updated_at,timestamp with time zone,YES,
lg_change_log,is_deleted,boolean,YES,
lg_change_log,deleted_at,timestamp with time zone,YES,
lg_documents,lg_record_id,integer,NO,
lg_documents,lg_instruction_id,integer,YES,
lg_documents,document_type,character varying,NO,
lg_documents,file_name,character varying,NO,
lg_documents,file_path,character varying,NO,
lg_documents,mime_type,character varying,YES,
lg_documents,uploaded_by_user_id,integer,NO,
lg_documents,id,integer,NO,nextval('lg_documents_id_seq'::regclass)
lg_documents,created_at,timestamp with time zone,YES,now()
lg_documents,updated_at,timestamp with time zone,YES,
lg_documents,is_deleted,boolean,YES,
lg_documents,deleted_at,timestamp with time zone,YES,
lg_documents,status,character varying,NO,'PENDING'::character varying
lg_instructions,lg_record_id,integer,NO,
lg_instructions,instruction_type,character varying,NO,
lg_instructions,serial_number,character varying,NO,
lg_instructions,global_seq_per_lg,integer,NO,
lg_instructions,type_seq_per_lg,integer,NO,
lg_instructions,template_id,integer,NO,
lg_instructions,status,character varying,NO,
lg_instructions,instruction_date,timestamp with time zone,YES,now()
lg_instructions,delivery_date,timestamp with time zone,YES,
lg_instructions,bank_reply_date,timestamp with time zone,YES,
lg_instructions,details,json,YES,
lg_instructions,generated_content_path,character varying,YES,
lg_instructions,sent_to_bank,boolean,NO,
lg_instructions,is_printed,boolean,NO,
lg_instructions,maker_user_id,integer,NO,
lg_instructions,checker_user_id,integer,YES,
lg_instructions,approval_request_id,integer,YES,
lg_instructions,bank_reply_details,text,YES,
lg_instructions,id,integer,NO,nextval('lg_instructions_id_seq'::regclass)
lg_instructions,created_at,timestamp with time zone,YES,now()
lg_instructions,updated_at,timestamp with time zone,YES,
lg_instructions,is_deleted,boolean,YES,
lg_instructions,deleted_at,timestamp with time zone,YES,
lg_issuance_requests,status,USER-DEFINED,NO,
lg_issuance_requests,customer_id,integer,NO,
lg_issuance_requests,created_by_user_id,integer,NO,
lg_issuance_requests,applicant_entity_id,integer,NO,
lg_issuance_requests,issuing_bank_id,integer,NO,
lg_issuance_requests,facility_id,integer,YES,
lg_issuance_requests,beneficiary_name,character varying,YES,
lg_issuance_requests,created_applicant_lg_id,integer,YES,
lg_issuance_requests,id,integer,NO,nextval('lg_issuance_requests_id_seq'::regclass)
lg_issuance_requests,created_at,timestamp with time zone,YES,now()
lg_issuance_requests,updated_at,timestamp with time zone,YES,
lg_issuance_requests,is_deleted,boolean,YES,
lg_issuance_requests,deleted_at,timestamp with time zone,YES,
lg_migration_staging,file_name,character varying,YES,
lg_migration_staging,record_status,USER-DEFINED,NO,
lg_migration_staging,validation_log,json,YES,
lg_migration_staging,internal_notes,text,YES,
lg_migration_staging,file_content_hash,character varying,YES,
lg_migration_staging,source_data_json,json,YES,
lg_migration_staging,structured_data_json,json,YES,
lg_migration_staging,customer_id,integer,NO,
lg_migration_staging,migration_type,USER-DEFINED,NO,
lg_migration_staging,history_sequence,integer,YES,
lg_migration_staging,history_timestamp,timestamp with time zone,YES,
lg_migration_staging,production_lg_id,integer,YES,
lg_migration_staging,id,integer,NO,nextval('lg_migration_staging_id_seq'::regclass)
lg_migration_staging,created_at,timestamp with time zone,YES,now()
lg_migration_staging,updated_at,timestamp with time zone,YES,
lg_migration_staging,is_deleted,boolean,YES,
lg_migration_staging,deleted_at,timestamp with time zone,YES,
lg_operational_statuses,name,character varying,NO,
lg_operational_statuses,description,character varying,YES,
lg_operational_statuses,id,integer,NO,nextval('lg_operational_statuses_id_seq'::regclass)
lg_operational_statuses,created_at,timestamp with time zone,YES,now()
lg_operational_statuses,updated_at,timestamp with time zone,YES,
lg_operational_statuses,is_deleted,boolean,YES,
lg_operational_statuses,deleted_at,timestamp with time zone,YES,
lg_records,customer_id,integer,NO,
lg_records,beneficiary_corporate_id,integer,NO,
lg_records,lg_sequence_number,integer,NO,
lg_records,issuer_name,character varying,NO,
lg_records,issuer_id,character varying,YES,
lg_records,lg_number,character varying,NO,
lg_records,lg_amount,numeric,NO,
lg_records,lg_currency_id,integer,NO,
lg_records,lg_payable_currency_id,integer,YES,
lg_records,issuance_date,timestamp with time zone,NO,
lg_records,expiry_date,timestamp with time zone,NO,
lg_records,lg_period_months,integer,NO,
lg_records,auto_renewal,boolean,NO,
lg_records,lg_type_id,integer,NO,
lg_records,lg_status_id,integer,NO,
lg_records,lg_operational_status_id,integer,YES,
lg_records,payment_conditions,character varying,YES,
lg_records,description_purpose,character varying,NO,
lg_records,issuing_bank_id,integer,YES,
lg_records,issuing_bank_address,character varying,NO,
lg_records,issuing_bank_phone,character varying,NO,
lg_records,issuing_bank_fax,character varying,YES,
lg_records,issuing_method_id,integer,NO,
lg_records,applicable_rule_id,integer,NO,
lg_records,applicable_rules_text,character varying,YES,
lg_records,other_conditions,character varying,YES,
lg_records,internal_owner_contact_id,integer,NO,
lg_records,lg_category_id,integer,NO,
lg_records,additional_field_values,json,YES,
lg_records,internal_contract_project_id,character varying,YES,
lg_records,notes,text,YES,
lg_records,migration_source,character varying,YES,
lg_records,migrated_from_staging_id,integer,YES,
lg_records,id,integer,NO,nextval('lg_records_id_seq'::regclass)
lg_records,created_at,timestamp with time zone,YES,now()
lg_records,updated_at,timestamp with time zone,YES,
lg_records,is_deleted,boolean,YES,
lg_records,deleted_at,timestamp with time zone,YES,
lg_records,origin_type,character varying,NO,'local'::character varying
lg_records,issuing_bank_external_id,integer,YES,
lg_records,counter_guarantee_type,USER-DEFINED,YES,
lg_records,advising_bank_id,integer,YES,
lg_records,advising_bank_external_id,integer,YES,
lg_records,foreign_bank_name,character varying,YES,
lg_records,foreign_bank_country,character varying,YES,
lg_records,foreign_bank_address,character varying,YES,
lg_records,foreign_bank_swift_code,character varying,YES,
lg_records,advising_status,character varying,YES,
lg_records,communication_bank_id,integer,YES,
lg_statuses,name,character varying,NO,
lg_statuses,description,character varying,YES,
lg_statuses,id,integer,NO,nextval('lg_statuses_id_seq'::regclass)
lg_statuses,created_at,timestamp with time zone,YES,now()
lg_statuses,updated_at,timestamp with time zone,YES,
lg_statuses,is_deleted,boolean,YES,
lg_statuses,deleted_at,timestamp with time zone,YES,
lg_types,name,character varying,NO,
lg_types,description,character varying,YES,
lg_types,id,integer,NO,nextval('lg_types_id_seq'::regclass)
lg_types,created_at,timestamp with time zone,YES,now()
lg_types,updated_at,timestamp with time zone,YES,
lg_types,is_deleted,boolean,YES,
lg_types,deleted_at,timestamp with time zone,YES,
migration_batches,started_at,timestamp with time zone,NO,now()
migration_batches,finished_at,timestamp with time zone,YES,
migration_batches,user_id,integer,NO,
migration_batches,source_files,jsonb,YES,
migration_batches,totals,jsonb,YES,
migration_batches,notes,text,YES,
migration_batches,file_hash,character varying,YES,
migration_batches,id,integer,NO,nextval('migration_batches_id_seq'::regclass)
migration_batches,created_at,timestamp with time zone,YES,now()
migration_batches,updated_at,timestamp with time zone,YES,
migration_batches,is_deleted,boolean,YES,
migration_batches,deleted_at,timestamp with time zone,YES,
password_reset_tokens,id,integer,NO,nextval('password_reset_tokens_id_seq'::regclass)
password_reset_tokens,user_id,integer,NO,
password_reset_tokens,token_hash,character varying,NO,
password_reset_tokens,expires_at,timestamp with time zone,NO,
password_reset_tokens,is_used,boolean,NO,
password_reset_tokens,created_at,timestamp with time zone,YES,now()
password_reset_tokens,updated_at,timestamp with time zone,YES,
permissions,id,integer,NO,nextval('permissions_id_seq'::regclass)
permissions,name,character varying,NO,
permissions,description,character varying,YES,
pg_stat_statements,userid,oid,YES,
pg_stat_statements,dbid,oid,YES,
pg_stat_statements,toplevel,boolean,YES,
pg_stat_statements,queryid,bigint,YES,
pg_stat_statements,query,text,YES,
pg_stat_statements,plans,bigint,YES,
pg_stat_statements,total_plan_time,double precision,YES,
pg_stat_statements,min_plan_time,double precision,YES,
pg_stat_statements,max_plan_time,double precision,YES,
pg_stat_statements,mean_plan_time,double precision,YES,
pg_stat_statements,stddev_plan_time,double precision,YES,
pg_stat_statements,calls,bigint,YES,
pg_stat_statements,total_exec_time,double precision,YES,
pg_stat_statements,min_exec_time,double precision,YES,
pg_stat_statements,max_exec_time,double precision,YES,
pg_stat_statements,mean_exec_time,double precision,YES,
pg_stat_statements,stddev_exec_time,double precision,YES,
pg_stat_statements,rows,bigint,YES,
pg_stat_statements,shared_blks_hit,bigint,YES,
pg_stat_statements,shared_blks_read,bigint,YES,
pg_stat_statements,shared_blks_dirtied,bigint,YES,
pg_stat_statements,shared_blks_written,bigint,YES,
pg_stat_statements,local_blks_hit,bigint,YES,
pg_stat_statements,local_blks_read,bigint,YES,
pg_stat_statements,local_blks_dirtied,bigint,YES,
pg_stat_statements,local_blks_written,bigint,YES,
pg_stat_statements,temp_blks_read,bigint,YES,
pg_stat_statements,temp_blks_written,bigint,YES,
pg_stat_statements,shared_blk_read_time,double precision,YES,
pg_stat_statements,shared_blk_write_time,double precision,YES,
pg_stat_statements,local_blk_read_time,double precision,YES,
pg_stat_statements,local_blk_write_time,double precision,YES,
pg_stat_statements,temp_blk_read_time,double precision,YES,
pg_stat_statements,temp_blk_write_time,double precision,YES,
pg_stat_statements,wal_records,bigint,YES,
pg_stat_statements,wal_fpi,bigint,YES,
pg_stat_statements,wal_bytes,numeric,YES,
pg_stat_statements,jit_functions,bigint,YES,
pg_stat_statements,jit_generation_time,double precision,YES,
pg_stat_statements,jit_inlining_count,bigint,YES,
pg_stat_statements,jit_inlining_time,double precision,YES,
pg_stat_statements,jit_optimization_count,bigint,YES,
pg_stat_statements,jit_optimization_time,double precision,YES,
pg_stat_statements,jit_emission_count,bigint,YES,
pg_stat_statements,jit_emission_time,double precision,YES,
pg_stat_statements,jit_deform_count,bigint,YES,
pg_stat_statements,jit_deform_time,double precision,YES,
pg_stat_statements,stats_since,timestamp with time zone,YES,
pg_stat_statements,minmax_stats_since,timestamp with time zone,YES,
pg_stat_statements_info,dealloc,bigint,YES,
pg_stat_statements_info,stats_reset,timestamp with time zone,YES,
role_permissions,id,integer,NO,nextval('role_permissions_id_seq'::regclass)
role_permissions,role,character varying,NO,
role_permissions,permission_id,integer,NO,
rules,name,character varying,NO,
rules,description,character varying,YES,
rules,id,integer,NO,nextval('rules_id_seq'::regclass)
rules,created_at,timestamp with time zone,YES,now()
rules,updated_at,timestamp with time zone,YES,
rules,is_deleted,boolean,YES,
rules,deleted_at,timestamp with time zone,YES,
subscription_plans,name,character varying,NO,
subscription_plans,description,character varying,YES,
subscription_plans,duration_months,integer,NO,
subscription_plans,monthly_price,double precision,NO,
subscription_plans,annual_price,double precision,NO,
subscription_plans,max_users,integer,NO,
subscription_plans,max_records,integer,NO,
subscription_plans,can_maker_checker,boolean,NO,
subscription_plans,can_multi_entity,boolean,NO,
subscription_plans,can_ai_integration,boolean,NO,
subscription_plans,can_image_storage,boolean,NO,
subscription_plans,grace_period_days,integer,NO,
subscription_plans,id,integer,NO,nextval('subscription_plans_id_seq'::regclass)
subscription_plans,created_at,timestamp with time zone,YES,now()
subscription_plans,updated_at,timestamp with time zone,YES,
subscription_plans,is_deleted,boolean,YES,
subscription_plans,deleted_at,timestamp with time zone,YES,
subscription_plans,has_custody_module,boolean,NO,true
subscription_plans,has_issuance_module,boolean,NO,false
subscription_plans,max_issuance_records,integer,NO,0
subscription_plans,max_checker_users,integer,NO,0
system_notification_view_logs,id,integer,NO,nextval('system_notification_view_logs_id_seq'::regclass)
system_notification_view_logs,user_id,integer,NO,
system_notification_view_logs,notification_id,integer,NO,
system_notification_view_logs,view_count,integer,NO,
system_notification_view_logs,last_viewed_at,timestamp with time zone,YES,now()
system_notifications,content,character varying,NO,
system_notifications,link,character varying,YES,
system_notifications,start_date,timestamp with time zone,NO,
system_notifications,end_date,timestamp with time zone,NO,
system_notifications,is_active,boolean,NO,
system_notifications,created_by_user_id,integer,NO,
system_notifications,animation_type,character varying,YES,
system_notifications,display_frequency,character varying,NO,
system_notifications,max_display_count,integer,YES,
system_notifications,target_user_ids,jsonb,YES,
system_notifications,target_roles,jsonb,YES,
system_notifications,target_customer_ids,jsonb,YES,
system_notifications,id,integer,NO,nextval('system_notifications_id_seq'::regclass)
system_notifications,created_at,timestamp with time zone,YES,now()
system_notifications,updated_at,timestamp with time zone,YES,
system_notifications,is_deleted,boolean,YES,
system_notifications,deleted_at,timestamp with time zone,YES,
system_notifications,notification_type,character varying,YES,'system_info'::character varying
system_notifications,is_popup,character varying,YES,'system_info'::character varying
system_notifications,popup_action_label,character varying,YES,'system_info'::character varying
system_notifications,image_url,character varying,YES,
templates,name,character varying,NO,
templates,template_type,character varying,NO,
templates,action_type,character varying,NO,
templates,content,text,NO,
templates,is_global,boolean,NO,
templates,customer_id,integer,YES,
templates,is_notification_template,boolean,NO,
templates,subject,character varying,YES,
templates,is_default,boolean,NO,
templates,id,integer,NO,nextval('templates_id_seq'::regclass)
templates,created_at,timestamp with time zone,YES,now()
templates,updated_at,timestamp with time zone,YES,
templates,is_deleted,boolean,YES,
templates,deleted_at,timestamp with time zone,YES,
trial_registrations,organization_name,character varying,NO,
trial_registrations,organization_address,character varying,NO,
trial_registrations,contact_admin_name,character varying,NO,
trial_registrations,contact_phone,character varying,NO,
trial_registrations,admin_email,character varying,NO,
trial_registrations,commercial_register_document_path,character varying,YES,
trial_registrations,entities_count,character varying,NO,
trial_registrations,accepted_terms_version,double precision,NO,
trial_registrations,accepted_terms_at,timestamp with time zone,YES,now()
trial_registrations,accepted_terms_ip,character varying,YES,
trial_registrations,status,character varying,NO,
trial_registrations,customer_id,integer,YES,
trial_registrations,id,integer,NO,nextval('trial_registrations_id_seq'::regclass)
trial_registrations,created_at,timestamp with time zone,YES,now()
trial_registrations,updated_at,timestamp with time zone,YES,
trial_registrations,is_deleted,boolean,YES,
trial_registrations,deleted_at,timestamp with time zone,YES,
user_customer_entity_association,user_id,integer,NO,
user_customer_entity_association,customer_entity_id,integer,NO,
user_customer_entity_association,is_deleted,boolean,NO,false
user_customer_entity_association,deleted_at,timestamp with time zone,YES,
user_devices,id,integer,NO,nextval('user_devices_id_seq'::regclass)
user_devices,user_id,integer,NO,
user_devices,device_id,character varying,NO,
user_devices,device_name,character varying,YES,
user_devices,is_trusted,boolean,YES,
user_devices,last_login_at,timestamp with time zone,YES,now()
user_devices,last_ip,character varying,YES,
user_devices,browser_fingerprint,character varying,YES,
user_legal_acceptance,id,integer,NO,nextval('user_legal_acceptance_id_seq'::regclass)
user_legal_acceptance,user_id,integer,NO,
user_legal_acceptance,artifact_id,integer,NO,
user_legal_acceptance,accepted_at,timestamp with time zone,YES,now()
user_legal_acceptance,ip_address,character varying,YES,
users,email,character varying,NO,
users,password_hash,character varying,NO,
users,role,USER-DEFINED,NO,
users,customer_id,integer,YES,
users,must_change_password,boolean,NO,
users,has_all_entity_access,boolean,NO,
users,id,integer,NO,nextval('users_id_seq'::regclass)
users,created_at,timestamp with time zone,YES,now()
users,updated_at,timestamp with time zone,YES,
users,is_deleted,boolean,YES,
users,deleted_at,timestamp with time zone,YES,
users,failed_login_attempts,integer,YES,0
users,locked_until,timestamp with time zone,YES,
users,last_accepted_legal_version,double precision,YES,
users,mfa_code_hashed,character varying,YES,
users,mfa_code_expires_at,timestamp with time zone,YES,
users,mfa_attempts,integer,YES,0
